target,log_loss,roc_auc,pr_auc,precision,recall,f1_score,confusion_matrix
5-alpha_reductase_inhibitor,0.005880167102712192,0.6900560224089636,0.0010182905909765477,0.0,0.0,0.0,"[[4760    0]
 [   3    0]]"
11-beta-hsd1_inhibitor,0.0020645747585818384,0.8971020579588408,0.0010183299389002036,0.0,0.0,0.0,"[[4762    0]
 [   1    0]]"
acat_inhibitor,0.00785731832183634,0.36142046648455556,0.0006043552706437852,0.0,0.0,0.0,"[[4759    0]
 [   4    0]]"
acetylcholine_receptor_agonist,0.05285226690332068,0.6216040100250626,0.012371699422301765,0.0,0.0,0.0,"[[4725    0]
 [  38    0]]"
acetylcholine_receptor_antagonist,0.08812666364996756,0.6958811018311978,0.032069315577357954,0.0,0.0,0.0,"[[4689    0]
 [  74    0]]"
acetylcholinesterase_inhibitor,0.020902448155028217,0.5868663967611336,0.0040734275832763995,0.0,0.0,0.0,"[[4750    0]
 [  13    0]]"
adenosine_receptor_agonist,0.01838532790672464,0.5616008570554025,0.0032481588699034237,0.0,0.0,0.0,"[[4752    0]
 [  11    0]]"
adenosine_receptor_antagonist,0.024320770837905823,0.6427208051362138,0.009820199414868513,0.0,0.0,0.0,"[[4746    0]
 [  17    0]]"
adenylyl_cyclase_activator,0.006656657679055822,0.9903280067283431,0.4121421448123084,1.0,0.14285714285714285,0.25,"[[4756    0]
 [   6    1]]"
adrenergic_receptor_agonist,0.05434428595780531,0.734141273539706,0.06272252641925234,0.5,0.023809523809523808,0.04545454545454545,"[[4720    1]
 [  41    1]]"
adrenergic_receptor_antagonist,0.09325190446793322,0.5858367840521822,0.017805199367459154,0.0,0.0,0.0,"[[4700    5]
 [  58    0]]"
akt_inhibitor,0.014250456082869104,0.8167734560659387,0.2520449335530622,1.0,0.07142857142857142,0.13333333333333333,"[[4749    0]
 [  13    1]]"
aldehyde_dehydrogenase_inhibitor,0.001139561094524076,0.999160016799664,0.1,0.0,0.0,0.0,"[[4762    0]
 [   1    0]]"
alk_inhibitor,0.010393568879953064,0.7831310825423525,0.009817291174737274,0.0,0.0,0.0,"[[4756    0]
 [   7    0]]"
ampk_activator,0.004224229475308582,0.05566057550934678,0.0002205766794018907,0.0,0.0,0.0,"[[4761    0]
 [   2    0]]"
analgesic,0.002381171559293215,0.129147417051659,0.00012054001928640309,0.0,0.0,0.0,"[[4762    0]
 [   1    0]]"
androgen_receptor_agonist,0.018356715286980258,0.6801199747421596,0.004981398319565567,0.0,0.0,0.0,"[[4751    0]
 [  12    0]]"
androgen_receptor_antagonist,0.03038824637723607,0.5557601846099227,0.004170512587912227,0.0,0.0,0.0,"[[4744    0]
 [  19    0]]"
anesthetic_-_local,0.03430399737915867,0.610906255732893,0.006900539634895632,0.0,0.0,0.0,"[[4740    0]
 [  23    0]]"
angiogenesis_inhibitor,0.01352115497877965,0.6689800210304941,0.002665010592144184,0.0,0.0,0.0,"[[4755    0]
 [   8    0]]"
angiotensin_receptor_antagonist,0.01896319239647906,0.6229565705465516,0.0034509920020352057,0.0,0.0,0.0,"[[4751    0]
 [  12    0]]"
anti-inflammatory,0.03135404960933809,0.6767749036873969,0.05696820666738616,0.0,0.0,0.0,"[[4740    0]
 [  23    0]]"
antiarrhythmic,0.0020990353172615577,0.41495170096598066,0.0001794043774668102,0.0,0.0,0.0,"[[4762    0]
 [   1    0]]"
antibiotic,0.010233617824014335,0.6012893280078481,0.0018600087750867142,0.0,0.0,0.0,"[[4757    0]
 [   6    0]]"
anticonvulsant,0.005455874674642413,0.47163865546218486,0.000914811937133328,0.0,0.0,0.0,"[[4760    0]
 [   3    0]]"
antifungal,0.0014919321907857885,0.994330113397732,0.017857142857142856,0.0,0.0,0.0,"[[4762    0]
 [   1    0]]"
antihistamine,0.005053732988387096,0.6923669467787115,0.005386940054674002,0.0,0.0,0.0,"[[4760    0]
 [   3    0]]"
antimalarial,0.006907078657522374,0.5873607900819501,0.0016959469337369225,0.0,0.0,0.0,"[[4759    0]
 [   4    0]]"
antioxidant,0.022676600346350443,0.7292368864546028,0.008915943585079456,0.0,0.0,0.0,"[[4747    0]
 [  16    0]]"
antiprotozoal,0.01094229563011486,0.5843318618176723,0.0013901089446517354,0.0,0.0,0.0,"[[4757    0]
 [   6    0]]"
antiviral,0.013084467585796898,0.5898527865404837,0.0019235423410685678,0.0,0.0,0.0,"[[4755    0]
 [   8    0]]"
apoptosis_stimulant,0.01043341543121664,0.6331020951580127,0.002609900084691722,0.0,0.0,0.0,"[[4757    0]
 [   6    0]]"
aromatase_inhibitor,0.012086876788506154,0.6460410909527814,0.001973058398278365,0.0,0.0,0.0,"[[4756    0]
 [   7    0]]"
atm_kinase_inhibitor,0.0015139356861931632,0.9939101217975641,0.016666666666666666,0.0,0.0,0.0,"[[4762    0]
 [   1    0]]"
atp_synthase_inhibitor,0.00045381679216063354,1.0,1.0,1.0,1.0,1.0,"[[4762    0]
 [   0    1]]"
atpase_inhibitor,0.027288946796060212,0.704625333895684,0.12702743340865624,0.6,0.14285714285714285,0.23076923076923073,"[[4740    2]
 [  18    3]]"
atr_kinase_inhibitor,0.0022954783481284593,0.9974795211090106,0.07202380952380952,0.0,0.0,0.0,"[[4761    0]
 [   2    0]]"
aurora_kinase_inhibitor,0.012074494678188032,0.987568034383724,0.5989916923571781,0.6875,0.5238095238095238,0.5945945945945946,"[[4737    5]
 [  10   11]]"
bacterial_30s_ribosomal_subunit_inhibitor,0.020869743874714335,0.6371115723610986,0.006763454267589994,0.0,0.0,0.0,"[[4749    0]
 [  14    0]]"
bacterial_50s_ribosomal_subunit_inhibitor,0.02402254198624159,0.7160754010069079,0.018331298056819014,0.0,0.0,0.0,"[[4745    0]
 [  18    0]]"
bacterial_antifolate,0.013845898975285365,0.7327396812041322,0.006561731328798612,0.0,0.0,0.0,"[[4754    0]
 [   9    0]]"
bacterial_cell_wall_synthesis_inhibitor,0.051086244565942185,0.6509933547597534,0.013209246863339682,0.0,0.0,0.0,"[[4726    0]
 [  37    0]]"
bacterial_dna_gyrase_inhibitor,0.025094798607915695,0.6664311742396074,0.00574589119436256,0.0,0.0,0.0,"[[4746    0]
 [  17    0]]"
bacterial_dna_inhibitor,0.02729139214609726,0.6737033134293409,0.007896862976766936,0.0,0.0,0.0,"[[4745    0]
 [  18    0]]"
bcl_inhibitor,0.007577040223070081,0.9363394296125009,0.02956263629338472,0.0,0.0,0.0,"[[4757    0]
 [   6    0]]"
bcr-abl_inhibitor,0.008638992044911562,0.7660098522167487,0.11999227191342647,0.0,0.0,0.0,"[[4754    2]
 [   7    0]]"
benzodiazepine_receptor_agonist,0.02317944028068288,0.7145565620391827,0.006661160115221839,0.0,0.0,0.0,"[[4747    0]
 [  16    0]]"
beta_amyloid_inhibitor,0.007981687365411634,0.34623870561042236,0.0005970825908423231,0.0,0.0,0.0,"[[4759    0]
 [   4    0]]"
bromodomain_inhibitor,0.010661325775639007,0.918914979757085,0.4474548630020227,0.5,0.38461538461538464,0.4347826086956522,"[[4745    5]
 [   8    5]]"
btk_inhibitor,0.009718498801791976,0.8232007689535024,0.04186533859263084,0.0,0.0,0.0,"[[4756    0]
 [   7    0]]"
calcineurin_inhibitor,0.00203815580494048,0.6285174296514069,0.0002824858757062147,0.0,0.0,0.0,"[[4762    0]
 [   1    0]]"
calcium_channel_blocker,0.0735176137128315,0.6293286594433821,0.019097594911608336,0.0,0.0,0.0,"[[4707    0]
 [  56    0]]"
cannabinoid_receptor_agonist,0.006173663007809921,0.7868347338935574,0.0017014386167201216,0.0,0.0,0.0,"[[4760    0]
 [   3    0]]"
cannabinoid_receptor_antagonist,0.016983204104758808,0.7221648301193756,0.0055614186475606755,0.0,0.0,0.0,"[[4752    0]
 [  11    0]]"
carbonic_anhydrase_inhibitor,0.01695427279920495,0.6822390572390573,0.00343662226812137,0.0,0.0,0.0,"[[4752    0]
 [  11    0]]"
casein_kinase_inhibitor,0.02039286602978648,0.6853021688776584,0.008527619329666723,0.0,0.0,0.0,"[[4749    0]
 [  14    0]]"
caspase_activator,0.005315574020961961,0.6692577030812324,0.0012162210531848421,0.0,0.0,0.0,"[[4760    0]
 [   3    0]]"
catechol_o_methyltransferase_inhibitor,0.004091144958651287,0.06689771056500737,0.00022303460157123344,0.0,0.0,0.0,"[[4761    0]
 [   2    0]]"
cc_chemokine_receptor_antagonist,0.022976914642733805,0.7334237413103013,0.00904558577954029,0.0,0.0,0.0,"[[4747    0]
 [  16    0]]"
cck_receptor_antagonist,0.005523438094626962,0.5791316526610644,0.0009823348616433177,0.0,0.0,0.0,"[[4760    0]
 [   3    0]]"
cdk_inhibitor,0.021500594207333596,0.9666562841668997,0.8196534253650872,0.9259259259259259,0.746268656716418,0.8264462809917356,"[[4692    4]
 [  17   50]]"
chelating_agent,0.019518924950136,0.6782834008097166,0.004801998253980422,0.0,0.0,0.0,"[[4750    0]
 [  13    0]]"
chk_inhibitor,0.0075676586996391865,0.9420344682639764,0.008678913154367463,0.0,0.0,0.0,"[[4758    0]
 [   5    0]]"
chloride_channel_blocker,0.01063596735777143,0.5127364438839848,0.0009716047986635004,0.0,0.0,0.0,"[[4758    0]
 [   5    0]]"
cholesterol_inhibitor,0.01597444493390632,0.5958973280033664,0.009157627020759658,0.0,0.0,0.0,"[[4753    0]
 [  10    0]]"
cholinergic_receptor_antagonist,0.013251233043395995,0.629074658254469,0.004285581731410317,0.0,0.0,0.0,"[[4755    0]
 [   8    0]]"
coagulation_factor_inhibitor,0.0019691522544023673,0.7632297354052918,0.0004428697962798937,0.0,0.0,0.0,"[[4762    0]
 [   1    0]]"
corticosteroid_agonist,0.007319788649543557,0.9753694581280788,0.13365659646995187,0.3333333333333333,0.14285714285714285,0.2,"[[4754    2]
 [   6    1]]"
cyclooxygenase_inhibitor,0.10745871624445412,0.6480690290692804,0.032107931538497024,0.0,0.0,0.0,"[[4670    1]
 [  92    0]]"
cytochrome_p450_inhibitor,0.020704973088349187,0.7208744939271254,0.005039948234512122,0.0,0.0,0.0,"[[4750    0]
 [  13    0]]"
dihydrofolate_reductase_inhibitor,0.0054264758151378635,0.8425127881718169,0.5266546423961403,1.0,0.5,0.6666666666666666,"[[4757    0]
 [   3    3]]"
dipeptidyl_peptidase_inhibitor,0.0056767308432835745,0.6701680672268907,0.0009226069167307758,0.0,0.0,0.0,"[[4760    0]
 [   3    0]]"
diuretic,0.0019029454899405858,0.872952540949181,0.0008250825082508251,0.0,0.0,0.0,"[[4762    0]
 [   1    0]]"
dna_alkylating_agent,0.016469375671120962,0.6649449035812672,0.006029256522053251,0.0,0.0,0.0,"[[4752    0]
 [  11    0]]"
dna_inhibitor,0.08822516217110943,0.719581909006553,0.12594618979148445,0.5,0.07865168539325842,0.13592233009708737,"[[4667    7]
 [  82    7]]"
dopamine_receptor_agonist,0.03221496109256885,0.6204735795625715,0.007909357227951929,0.0,0.0,0.0,"[[4742    0]
 [  21    0]]"
dopamine_receptor_antagonist,0.09532769008345549,0.7106769165065129,0.06858961958068946,0.5,0.0125,0.02439024390243903,"[[4682    1]
 [  79    1]]"
egfr_inhibitor,0.018251629968772456,0.9717227069589275,0.8564369132267096,0.9038461538461539,0.734375,0.810344827586207,"[[4694    5]
 [  17   47]]"
estrogen_receptor_agonist,0.05547150578765932,0.6219961377231407,0.060824652451459855,0.0,0.0,0.0,"[[4718    0]
 [  45    0]]"
estrogen_receptor_antagonist,0.010491589416171647,0.8458188153310104,0.008723056388451878,0.0,0.0,0.0,"[[4756    0]
 [   7    0]]"
faah_inhibitor,0.013456893150631971,0.7101472134595164,0.003202074505840041,0.0,0.0,0.0,"[[4755    0]
 [   8    0]]"
farnesyltransferase_inhibitor,0.004172842946048821,0.990084787330951,0.5078601705328278,1.0,0.16666666666666666,0.2857142857142857,"[[4757    0]
 [   5    1]]"
fatty_acid_receptor_agonist,0.009756373520428028,0.878289078457287,0.016250775083531045,0.0,0.0,0.0,"[[4756    0]
 [   7    0]]"
fgfr_inhibitor,0.008777777486784197,0.8243640950178684,0.02303854075755515,0.0,0.0,0.0,"[[4756    1]
 [   6    0]]"
flt3_inhibitor,0.02273934572253346,0.9701556515105039,0.7311238654031149,0.8717948717948718,0.6296296296296297,0.7311827956989246,"[[4704    5]
 [  20   34]]"
focal_adhesion_kinase_inhibitor,0.004572528334974495,0.9912568306010928,0.3646587449208933,0.0,0.0,0.0,"[[4758    0]
 [   5    0]]"
free_radical_scavenger,0.005406214771591299,0.6426470588235293,0.0010166221587668096,0.0,0.0,0.0,"[[4760    0]
 [   3    0]]"
fungal_squalene_epoxidase_inhibitor,0.00586720426743893,0.5719187675070028,0.0006904750559461211,0.0,0.0,0.0,"[[4760    0]
 [   3    0]]"
gaba_receptor_agonist,0.03674887171742345,0.6665258711721225,0.01060712665260327,0.0,0.0,0.0,"[[4735    0]
 [  28    0]]"
gaba_receptor_antagonist,0.04969000187116912,0.5819978245105148,0.008180357969341207,0.0,0.0,0.0,"[[4728    0]
 [  35    0]]"
gamma_secretase_inhibitor,0.008421925366620153,0.8725026288117771,0.26161341076997074,0.3333333333333333,0.125,0.18181818181818182,"[[4753    2]
 [   7    1]]"
glucocorticoid_receptor_agonist,0.017905391088877284,0.9788213627992634,0.8538936601942217,0.7878787878787878,0.9122807017543859,0.8455284552845528,"[[4692   14]
 [   5   52]]"
glutamate_inhibitor,0.0017571045042058032,0.9771104577908442,0.004545454545454545,0.0,0.0,0.0,"[[4762    0]
 [   1    0]]"
glutamate_receptor_agonist,0.02535693968768636,0.5628896377422072,0.003386948662955276,0.0,0.0,0.0,"[[4748    0]
 [  15    0]]"
glutamate_receptor_antagonist,0.10866818417320098,0.6224366215817381,0.023555563981691834,0.0,0.0,0.0,"[[4679    0]
 [  84    0]]"
gonadotropin_receptor_agonist,0.003855754491715048,0.6724427641251838,0.0006020843152106012,0.0,0.0,0.0,"[[4761    0]
 [   2    0]]"
gsk_inhibitor,0.012733755914706997,0.817393539942972,0.14896231120122627,0.3333333333333333,0.3333333333333333,0.3333333333333333,"[[4748    6]
 [   6    3]]"
hcv_inhibitor,0.02240415408578191,0.5010364372469636,0.0025490542219062367,0.0,0.0,0.0,"[[4750    0]
 [  13    0]]"
hdac_inhibitor,0.019700190261019844,0.843349844065309,0.49187390678464726,0.7333333333333333,0.4782608695652174,0.5789473684210527,"[[4736    4]
 [  12   11]]"
histamine_receptor_agonist,0.01745226447071175,0.6556091215182125,0.004975890888946318,0.0,0.0,0.0,"[[4752    0]
 [  11    0]]"
histamine_receptor_antagonist,0.0649363523345839,0.6321880598740103,0.0184126680750389,0.0,0.0,0.0,"[[4718    1]
 [  44    0]]"
histone_lysine_demethylase_inhibitor,0.005661024690794479,0.7428556419415844,0.06083811326508905,0.0,0.0,0.0,"[[4759    0]
 [   4    0]]"
histone_lysine_methyltransferase_inhibitor,0.013052577593790056,0.8410056806227646,0.12459340409722384,0.0,0.0,0.0,"[[4753    0]
 [  10    0]]"
hiv_inhibitor,0.027850182552522126,0.702551127978073,0.0135880846656444,0.0,0.0,0.0,"[[4743    0]
 [  20    0]]"
hmgcr_inhibitor,0.01217203873787896,0.9956345389610873,0.9058470171007541,0.8518518518518519,0.8070175438596491,0.8288288288288288,"[[4698    8]
 [  11   46]]"
hsp_inhibitor,0.009178940659686122,0.8883178253032592,0.809647174594448,1.0,0.8076923076923077,0.8936170212765957,"[[4737    0]
 [   5   21]]"
igf-1_inhibitor,0.008734019710633704,0.9727129337539433,0.07708569747417887,0.0,0.0,0.0,"[[4754    1]
 [   8    0]]"
ikk_inhibitor,0.00556387310320287,0.9416561580496007,0.27018740831890486,1.0,0.2,0.33333333333333337,"[[4758    0]
 [   4    1]]"
imidazoline_receptor_agonist,0.008085982534071647,0.368197100231141,0.0006039997899849742,0.0,0.0,0.0,"[[4759    0]
 [   4    0]]"
immunosuppressant,0.020562019408208874,0.8057063533377953,0.043282253127252625,0.0,0.0,0.0,"[[4746    0]
 [  17    0]]"
insulin_secretagogue,0.00633013430008185,0.7975940323597395,0.011099631580879865,0.0,0.0,0.0,"[[4759    0]
 [   4    0]]"
insulin_sensitizer,0.011409872439195686,0.9081007806291778,0.031657787730968646,0.0,0.0,0.0,"[[4753    1]
 [   9    0]]"
integrin_inhibitor,0.013932595501727247,0.36870719692418596,0.001067034975888311,0.0,0.0,0.0,"[[4756    0]
 [   7    0]]"
jak_inhibitor,0.012183842233376695,0.9849283810473433,0.6105637871683781,0.8181818181818182,0.4090909090909091,0.5454545454545455,"[[4739    2]
 [  13    9]]"
kit_inhibitor,0.015505233594562812,0.9781934835877499,0.8426876163920144,0.7884615384615384,0.8367346938775511,0.8118811881188118,"[[4703   11]
 [   8   41]]"
laxative,0.002219838500425645,0.10720285594288115,0.00011756407241946862,0.0,0.0,0.0,"[[4762    0]
 [   1    0]]"
leukotriene_inhibitor,0.0017741816292327515,0.9643007139857204,0.0029239766081871343,0.0,0.0,0.0,"[[4762    0]
 [   1    0]]"
leukotriene_receptor_antagonist,0.018526673059164916,0.6770679856872237,0.004052605772924004,0.0,0.0,0.0,"[[4751    0]
 [  12    0]]"
lipase_inhibitor,0.002306329846924501,0.15875682486350273,0.00012478163214374845,0.0,0.0,0.0,"[[4762    0]
 [   1    0]]"
lipoxygenase_inhibitor,0.01598544767097959,0.7714263850627487,0.007102754975176467,0.0,0.0,0.0,"[[4752    0]
 [  11    0]]"
mdm_inhibitor,0.0037670042273899858,0.997407329549436,0.31798771509494606,0.5,0.3333333333333333,0.4,"[[4755    2]
 [   4    2]]"
mek_inhibitor,0.007800174914423164,0.9060633102798641,0.7233503962304816,0.8666666666666667,0.7647058823529411,0.8125,"[[4744    2]
 [   4   13]]"
membrane_integrity_inhibitor,0.01881784497787118,0.6076484542393633,0.0029480727202185466,0.0,0.0,0.0,"[[4752    0]
 [  11    0]]"
mineralocorticoid_receptor_antagonist,0.0025101056493194813,0.6094078118437631,0.00026867275658248256,0.0,0.0,0.0,"[[4762    0]
 [   1    0]]"
monoacylglycerol_lipase_inhibitor,0.005162814587372142,0.6753501400560225,0.0021466659965108945,0.0,0.0,0.0,"[[4760    0]
 [   3    0]]"
monoamine_oxidase_inhibitor,0.026559596419518865,0.5926476785404428,0.004792196975547439,0.0,0.0,0.0,"[[4746    0]
 [  17    0]]"
mtor_inhibitor,0.017510820774525017,0.9336182035591194,0.46378603757315,0.45161290322580644,0.5833333333333334,0.509090909090909,"[[4722   17]
 [  10   14]]"
mucolytic_agent,0.017866368823738796,0.6119911233547597,0.009196957591120759,0.0,0.0,0.0,"[[4752    0]
 [  11    0]]"
neuropeptide_receptor_antagonist,0.013188342452368398,0.6869348054679285,0.003285591863344519,0.0,0.0,0.0,"[[4755    0]
 [   8    0]]"
nfkb_inhibitor,0.029065660632509798,0.9475096177514236,0.900857038399982,0.9583333333333334,0.8789808917197452,0.9169435215946845,"[[4600    6]
 [  19  138]]"
nitric_oxide_donor,0.010138249936927645,0.6096979889285965,0.01069693901473803,0.0,0.0,0.0,"[[4756    1]
 [   6    0]]"
nitric_oxide_production_inhibitor,0.0036015909558846713,0.6397815584961143,0.003310189026533807,0.0,0.0,0.0,"[[4761    0]
 [   2    0]]"
nitric_oxide_synthase_inhibitor,0.007598600266647022,0.5279995797436436,0.0009092674290657266,0.0,0.0,0.0,"[[4759    0]
 [   4    0]]"
nrf2_activator,0.004194998486866449,0.9303425089304475,0.30528319756945504,1.0,0.25,0.4,"[[4759    0]
 [   3    1]]"
opioid_receptor_agonist,0.025191414085497993,0.5266217354675653,0.0029875239566941473,0.0,0.0,0.0,"[[4748    0]
 [  15    0]]"
opioid_receptor_antagonist,0.026803094234255507,0.6493188071358835,0.007369031969202344,0.0,0.0,0.0,"[[4744    0]
 [  19    0]]"
orexin_receptor_antagonist,0.012437001154616923,0.5692358524570467,0.0025726317064931354,0.0,0.0,0.0,"[[4756    0]
 [   7    0]]"
p38_mapk_inhibitor,0.015769401015437105,0.8201495681483042,0.3295799132197843,0.625,0.3125,0.4166666666666667,"[[4744    3]
 [  11    5]]"
p-glycoprotein_inhibitor,0.005510539607100637,0.7564425770308124,0.0011991718807087752,0.0,0.0,0.0,"[[4760    0]
 [   3    0]]"
parp_inhibitor,0.016351319842314468,0.8156002245141374,0.011923707847158991,0.0,0.0,0.0,"[[4751    0]
 [  12    0]]"
pdgfr_inhibitor,0.01886301318329239,0.9786690607937265,0.8222413878607696,0.7931034482758621,0.7931034482758621,0.7931034482758621,"[[4693   12]
 [  12   46]]"
pdk_inhibitor,0.005250385840503243,0.7799019607843137,0.0013794689809763568,0.0,0.0,0.0,"[[4760    0]
 [   3    0]]"
phosphodiesterase_inhibitor,0.05927262101747698,0.6508892652974805,0.013965120788497824,0.0,0.0,0.0,"[[4723    0]
 [  40    0]]"
phospholipase_inhibitor,0.005009173226217877,0.8300420168067226,0.001983393278330009,0.0,0.0,0.0,"[[4760    0]
 [   3    0]]"
pi3k_inhibitor,0.026265831123661612,0.8878261936574592,0.35359445597217865,0.7142857142857143,0.3225806451612903,0.4444444444444444,"[[4728    4]
 [  21   10]]"
pkc_inhibitor,0.007379122804982173,0.9426108892158924,0.06804282248636377,0.0,0.0,0.0,"[[4757    0]
 [   6    0]]"
potassium_channel_activator,0.017260162045068934,0.6385827976737067,0.003673808271494541,0.0,0.0,0.0,"[[4752    0]
 [  11    0]]"
potassium_channel_antagonist,0.022301392546131994,0.7250500315989046,0.013357334856730217,0.0,0.0,0.0,"[[4747    0]
 [  16    0]]"
ppar_receptor_agonist,0.023159189026631066,0.8254554406696208,0.3685531789053109,1.0,0.08333333333333333,0.15384615384615385,"[[4739    0]
 [  22    2]]"
ppar_receptor_antagonist,0.012393270976482143,0.7093059936908518,0.0049483391508011185,0.0,0.0,0.0,"[[4755    0]
 [   8    0]]"
progesterone_receptor_agonist,0.033772829316426604,0.7446522854125811,0.06178920462629084,1.0,0.03571428571428571,0.0689655172413793,"[[4735    0]
 [  27    1]]"
progesterone_receptor_antagonist,0.012370078727180302,0.5683491062039958,0.014453055074380732,0.0,0.0,0.0,"[[4755    0]
 [   8    0]]"
prostaglandin_inhibitor,0.010387318655420474,0.6178613972391563,0.0017186426498120146,0.0,0.0,0.0,"[[4757    0]
 [   6    0]]"
prostanoid_receptor_antagonist,0.01828676294643041,0.5806648432568904,0.002892051155081058,0.0,0.0,0.0,"[[4753    0]
 [  10    0]]"
proteasome_inhibitor,0.00210069108322593,0.9999782181175475,0.9992957907151052,0.9785714285714285,0.9856115107913669,0.9820788530465949,"[[4621    3]
 [   2  137]]"
protein_kinase_inhibitor,0.008303612437736026,0.5545282622399664,0.002845858491001792,0.0,0.0,0.0,"[[4759    0]
 [   4    0]]"
protein_phosphatase_inhibitor,0.0038912870687324488,0.768325981936568,0.0011289608724656397,0.0,0.0,0.0,"[[4760    1]
 [   2    0]]"
protein_synthesis_inhibitor,0.01743158680975462,0.5128367003367003,0.009009205655661167,0.0,0.0,0.0,"[[4752    0]
 [  11    0]]"
protein_tyrosine_kinase_inhibitor,0.004996837213446233,0.8275210084033613,0.0020546023945444956,0.0,0.0,0.0,"[[4760    0]
 [   3    0]]"
radiopaque_medium,0.016978501702224737,0.6361035135703765,0.006419774094239954,0.0,0.0,0.0,"[[4753    0]
 [  10    0]]"
raf_inhibitor,0.007881857916234991,0.997361493077592,0.8998481670239715,1.0,0.75,0.8571428571428571,"[[4727    0]
 [   9   27]]"
ras_gtpase_inhibitor,0.008168231712316655,0.5637242538881884,0.005468288904822208,0.0,0.0,0.0,"[[4758    0]
 [   5    0]]"
retinoid_receptor_agonist,0.009913537384983425,0.9877417802244081,0.38464350772592837,0.5,0.21428571428571427,0.3,"[[4746    3]
 [  11    3]]"
retinoid_receptor_antagonist,0.0016891392094844895,0.9829903401931961,0.006097560975609756,0.0,0.0,0.0,"[[4762    0]
 [   1    0]]"
rho_associated_kinase_inhibitor,0.010774466480529588,0.7841482649842271,0.1458231172220423,0.0,0.0,0.0,"[[4755    0]
 [   8    0]]"
ribonucleoside_reductase_inhibitor,0.0062170397145211035,0.9152649285113541,0.3766428333069835,0.5,0.2857142857142857,0.36363636363636365,"[[4754    2]
 [   5    2]]"
rna_polymerase_inhibitor,0.007343678320108511,0.8350987810004202,0.016944643743366426,0.0,0.0,0.0,"[[4758    0]
 [   5    0]]"
serotonin_receptor_agonist,0.05587753569796812,0.6332964241516316,0.03741002316832987,0.0,0.0,0.0,"[[4724    0]
 [  39    0]]"
serotonin_receptor_antagonist,0.09565687664895546,0.7085661935595456,0.04636876887648583,0.0,0.0,0.0,"[[4684    0]
 [  79    0]]"
serotonin_reuptake_inhibitor,0.011848940231522286,0.6656253754655773,0.002264860213600763,0.0,0.0,0.0,"[[4756    0]
 [   7    0]]"
sigma_receptor_agonist,0.01642819105227192,0.633536713654534,0.003194056990656111,0.0,0.0,0.0,"[[4753    0]
 [  10    0]]"
sigma_receptor_antagonist,0.014831617615637092,0.6561492076847567,0.002498536053378556,0.0,0.0,0.0,"[[4754    0]
 [   9    0]]"
smoothened_receptor_antagonist,0.010088583665520217,0.6530025926704506,0.0017784235474101733,0.0,0.0,0.0,"[[4757    0]
 [   6    0]]"
sodium_channel_inhibitor,0.08062547381715328,0.5895968557139817,0.016589904664033754,0.0,0.0,0.0,"[[4699    0]
 [  64    0]]"
sphingosine_receptor_agonist,0.010114794998585088,0.6639338518674235,0.001705550680582043,0.0,0.0,0.0,"[[4757    0]
 [   6    0]]"
src_inhibitor,0.01921265526864791,0.667158101656838,0.11869985242201958,0.6666666666666666,0.13333333333333333,0.2222222222222222,"[[4747    1]
 [  13    2]]"
syk_inhibitor,0.006219487619563952,0.7956284153005464,0.08688270907494583,0.0,0.0,0.0,"[[4758    0]
 [   5    0]]"
tachykinin_antagonist,0.01506806826249187,0.6522928060580564,0.004915514572325898,0.0,0.0,0.0,"[[4754    0]
 [   9    0]]"
tgf-beta_receptor_inhibitor,0.0020449982434843413,0.9997296647843326,0.8071892393320963,0.7142857142857143,0.7142857142857143,0.7142857142857143,"[[4754    2]
 [   2    5]]"
thrombin_inhibitor,0.007067323949814346,0.948003362757461,0.01213760810838162,0.0,0.0,0.0,"[[4758    0]
 [   5    0]]"
thymidylate_synthase_inhibitor,0.010957332849386395,0.8717928496319663,0.022304507495318954,0.0,0.0,0.0,"[[4754    1]
 [   8    0]]"
tlr_agonist,0.009823426676491208,0.7136150234741785,0.002858233481175337,0.0,0.0,0.0,"[[4757    0]
 [   6    0]]"
tlr_antagonist,0.00214745233891061,0.3362032759344813,0.00015812776723592663,0.0,0.0,0.0,"[[4762    0]
 [   1    0]]"
tnf_inhibitor,0.013197695348114935,0.6593059936908517,0.004134786750967522,0.0,0.0,0.0,"[[4755    0]
 [   8    0]]"
topoisomerase_inhibitor,0.020106979301823116,0.9186186022414308,0.5666984336744733,0.64,0.5161290322580645,0.5714285714285714,"[[4723    9]
 [  15   16]]"
transient_receptor_potential_channel_antagonist,0.0036000581573439956,0.8403696702373451,0.0012464824324897638,0.0,0.0,0.0,"[[4761    0]
 [   2    0]]"
trpv_agonist,0.0044571321027845326,0.8098039215686275,0.02393863005585747,0.0,0.0,0.0,"[[4760    0]
 [   3    0]]"
trpv_antagonist,0.020115594058954144,0.4983863046376201,0.0026230502425791816,0.0,0.0,0.0,"[[4751    0]
 [  12    0]]"
tubulin_inhibitor,0.026236196894558413,0.9568032324750987,0.7914499378643025,0.7536231884057971,0.7647058823529411,0.759124087591241,"[[4678   17]
 [  16   52]]"
tyrosine_kinase_inhibitor,0.013336354145648372,0.6077287066246057,0.009618870772721558,0.0,0.0,0.0,"[[4755    0]
 [   8    0]]"
ubiquitin_specific_protease_inhibitor,0.0037871166108644884,0.49123083385843314,0.0005436894608406237,0.0,0.0,0.0,"[[4761    0]
 [   2    0]]"
vegfr_inhibitor,0.02377404202841506,0.8860161954399014,0.5141716926484688,0.68,0.5,0.576271186440678,"[[4721    8]
 [  17   17]]"
vitamin_b,0.005554432829578204,0.5686974789915966,0.0013374029466771842,0.0,0.0,0.0,"[[4760    0]
 [   3    0]]"
vitamin_d_receptor_agonist,0.0032285609894886335,0.9730222128792656,0.8345152976388426,1.0,0.3333333333333333,0.5,"[[4757    0]
 [   4    2]]"
wnt_inhibitor,0.013382808539172245,0.6031545741324922,0.001956738782405978,0.0,0.0,0.0,"[[4755    0]
 [   8    0]]"
